{
  "context_window": {
    "1": {
      "wer": 4.482376283846873,
      "avg_switches": 0.8333333333333334
    },
    "2": {
      "wer": 4.482376283846873,
      "avg_switches": 0.8333333333333334
    },
    "3": {
      "wer": 4.482376283846873,
      "avg_switches": 0.8333333333333334
    },
    "5": {
      "wer": 4.482376283846873,
      "avg_switches": 0.8333333333333334
    },
    "7": {
      "wer": 4.482376283846873,
      "avg_switches": 0.8333333333333334
    }
  },
  "temperature": {
    "0.5": {
      "wer": 4.482376283846873
    },
    "1.0": {
      "wer": 4.482376283846873
    },
    "1.5": {
      "wer": 4.482376283846873
    },
    "2.0": {
      "wer": 4.482376283846873
    },
    "2.5": {
      "wer": 4.482376283846873
    },
    "3.0": {
      "wer": 4.482376283846873
    }
  },
  "switching_penalty": {
    "0.0": {
      "wer": 4.482376283846873,
      "avg_switches": 0.8333333333333334
    },
    "0.05": {
      "wer": 4.482376283846873,
      "avg_switches": 0.8333333333333334
    },
    "0.1": {
      "wer": 4.482376283846873,
      "avg_switches": 0.8333333333333334
    },
    "0.15": {
      "wer": 4.482376283846873,
      "avg_switches": 0.8333333333333334
    },
    "0.2": {
      "wer": 4.482376283846873,
      "avg_switches": 0.8333333333333334
    },
    "0.3": {
      "wer": 4.482376283846873,
      "avg_switches": 0.8333333333333334
    }
  }
}