{
  "0.5": {
    "wer": 4.482376283846873
  },
  "1.0": {
    "wer": 4.482376283846873
  },
  "1.5": {
    "wer": 4.482376283846873
  },
  "2.0": {
    "wer": 4.482376283846873
  },
  "2.5": {
    "wer": 4.482376283846873
  },
  "3.0": {
    "wer": 4.482376283846873
  }
}