{
  "0.0": {
    "wer": 4.482376283846873,
    "avg_switches": 0.8333333333333334
  },
  "0.05": {
    "wer": 4.482376283846873,
    "avg_switches": 0.8333333333333334
  },
  "0.1": {
    "wer": 4.482376283846873,
    "avg_switches": 0.8333333333333334
  },
  "0.15": {
    "wer": 4.482376283846873,
    "avg_switches": 0.8333333333333334
  },
  "0.2": {
    "wer": 4.482376283846873,
    "avg_switches": 0.8333333333333334
  },
  "0.3": {
    "wer": 4.482376283846873,
    "avg_switches": 0.8333333333333334
  }
}