{
  "1": {
    "wer": 4.482376283846873,
    "avg_switches": 0.8333333333333334
  },
  "2": {
    "wer": 4.482376283846873,
    "avg_switches": 0.8333333333333334
  },
  "3": {
    "wer": 4.482376283846873,
    "avg_switches": 0.8333333333333334
  },
  "5": {
    "wer": 4.482376283846873,
    "avg_switches": 0.8333333333333334
  },
  "7": {
    "wer": 4.482376283846873,
    "avg_switches": 0.8333333333333334
  }
}