{
  "avg_entropy": 1.6094379124341003,
  "oracle_accuracy": {
    "1": {
      "accuracy": 0.0,
      "count": 0
    },
    "3": {
      "accuracy": 0.0,
      "count": 0
    },
    "5": {
      "accuracy": 0.16666666666666666,
      "count": 1
    },
    "7": {
      "accuracy": 0.16666666666666666,
      "count": 1
    },
    "10": {
      "accuracy": 0.16666666666666666,
      "count": 1
    }
  },
  "probability_mass": {
    "1": 0.19999999999999998,
    "3": 0.6,
    "5": 1.0,
    "7": 1.0,
    "10": 1.0
  },
  "ground_truth_rank": {
    "mean": 5.833333333333333,
    "median": 6.0,
    "distribution": [
      6,
      5,
      6,
      6,
      6,
      6
    ]
  }
}